{
  "Canada": [
    61.0666922,
    -107.991707
  ],
  "USA": [
    39.7837304,
    -100.445882
  ],
  "United Kingdom": [
    54.7023545,
    -3.2765753
  ],
  "Venezuela": [
    8.0018709,
    -66.1109318
  ]
}